Model,Threshold,t,Accuracy,Precision,Recall,F2,ROC-AUC,PR-AUC
k-NN,0.5,0.5,0.887,0.826,0.611,0.645,0.865,0.735
k-NN,tuned,0.05,0.709,0.419,0.86,0.711,0.865,0.735
Logistic Regression,0.5,0.5,0.807,0.541,0.777,0.714,0.87,0.708
Logistic Regression,tuned,0.5,0.807,0.541,0.777,0.714,0.87,0.708
Random Forest,0.5,0.5,0.931,0.94,0.73,0.765,0.933,0.886
Random Forest,tuned,0.25,0.865,0.648,0.833,0.788,0.933,0.886
XGBoost,0.5,0.5,0.918,0.816,0.804,0.807,0.948,0.905
XGBoost,tuned,0.36,0.868,0.648,0.869,0.814,0.948,0.905
XGBoost (tuned),0.5,0.5,0.922,0.831,0.805,0.81,0.95,0.907
XGBoost (tuned),tuned,0.35,0.876,0.668,0.861,0.814,0.95,0.907
Random Forest (tuned),0.5,0.5,0.913,0.832,0.756,0.77,0.929,0.878
Random Forest (tuned),tuned,0.35,0.854,0.624,0.837,0.784,0.929,0.878
